{
  "old_n_features": 449,
  "new_n_features": 465,
  "results": [
    {
      "name": "SVM-RBF",
      "auc": 0.796936114732725,
      "ci_lo": 0.7140027913019572,
      "ci_hi": 0.8775225449781101,
      "acc": 0.7297297297297297,
      "mcc": 0.4641279881745381
    },
    {
      "name": "Logistic Regression",
      "auc": 0.788135593220339,
      "ci_lo": 0.6970692746795688,
      "ci_hi": 0.8669634107319986,
      "acc": 0.7207207207207207,
      "mcc": 0.4379351908194123
    },
    {
      "name": "SVM-Linear",
      "auc": 0.7519556714471969,
      "ci_lo": 0.657890820802005,
      "ci_hi": 0.8395168951418952,
      "acc": 0.7387387387387387,
      "mcc": 0.4764393366853835
    }
  ]
}